video_id,description,topic,speech,visual,text,source_url
reel_001,Volleyball jump technique,volleyball,1,1,1,https://www.instagram.com/reel/DT3K2rejzZu/?utm_source=ig_web_copy_link&rpxt=MzRlODBiNWFlZA==&srtk=MzRlODBiNWFlZA==
reel_002,Volleyball professional gameplay,volleyball,1,1,0,https://www.instagram.com/reel/DVva95sAAuA/?utm_source=ig_web_copy_link&obrf=MzRlODBiNWFlZA==&srtk=MzRlODBiNWFlZA==
reel_003,Volleyball hitting advice,volleyball,1,1,1,https://www.instagram.com/reel/DW87lRmPs_L/?utm_source=ig_web_copy_link&xtok=MzRlODBiNWFlZA==&srtk=MzRlODBiNWFlZA==
reel_004,Slow motion volleyball spike,volleyball,0,1,0,https://www.instagram.com/reel/DVAWEg4Efiw/?utm_source=ig_web_copy_link&psln=MzRlODBiNWFlZA==&srtk=MzRlODBiNWFlZA==
reel_005,Data science interview advice,data science,1,1,1,https://www.instagram.com/reel/DdeYhk2xxAH/?utm_source=ig_web_copy_link&cplk=MzRlODBiNWFlZA==&srtk=MzRlODBiNWFlZA==
reel_006,Machine Learning project question,data science,0,0,1,https://www.instagram.com/reel/DR079PeAvcT/?utm_source=ig_web_copy_link&vrfl=MzRlODBiNWFlZA==&srtk=MzRlODBiNWFlZA==
reel_007,Answering data science interview question,data science,1,1,1,https://www.instagram.com/reel/DTlp-oXkR63/?utm_source=ig_web_copy_link&rpxt=MzRlODBiNWFlZA==&srtk=MzRlODBiNWFlZA==
reel_008,Man doing funny scream making others laugh,humour,1,0,0,https://www.instagram.com/reel/DS6W6KBgYxu/?utm_source=ig_web_copy_link&srtk=MzRlODBiNWFlZA==
reel_009,Kid makes a funny logical mistake,humour,1,1,0,https://www.instagram.com/reel/DZgKmJpOelr/?utm_source=ig_web_copy_link&exln=MzRlODBiNWFlZA==&srtk=MzRlODBiNWFlZA==
reel_010,Tennis one-handed backhand fixes,tennis,1,1,0,https://www.instagram.com/reel/Dd9spRwCvrW/?utm_source=ig_web_copy_link&rpxt=MzRlODBiNWFlZA==&srtk=MzRlODBiNWFlZA==
reel_011,Tennis serve pronation advice,tennis,1,1,1,https://www.instagram.com/reel/DYyIYJjJuw7/?utm_source=ig_web_copy_link&exln=MzRlODBiNWFlZA==&srtk=MzRlODBiNWFlZA==
reel_012,Roger Federer slow motion serve,tennis,0,1,0,https://www.instagram.com/reel/DTllJmhjIbq/?utm_source=ig_web_copy_link&srtk=MzRlODBiNWFlZA==
reel_013,Humorous volleyball skit,volleyball,0,1,1,https://www.instagram.com/reel/DUO41CrETWq/?utm_source=ig_web_copy_link&rpxt=MzRlODBiNWFlZA==&srtk=MzRlODBiNWFlZA==
reel_014,Stand-up comedy clip,humour,1,1,1,https://www.instagram.com/reel/Dd9spRwCvrW/?utm_source=ig_web_copy_link&rpxt=MzRlODBiNWFlZA==&srtk=MzRlODBiNWFlZA==

